{"cameraMode":{"drawMode":0,"name":"Shaded","section":"Shading Mode"},"sceneLighting":true,"audioPlay":false,"sceneViewState":{"m_AlwaysRefresh":false,"showFog":true,"showSkybox":true,"showFlares":true,"showImageEffects":true,"showParticleSystems":true,"showVisualEffectGraphs":true,"m_FxEnabled":true},"in2DMode":false,"pivot":{"x":13.049749374389649,"y":0.7067127227783203,"z":10.029193878173829},"rotation":{"x":0.049537938088178638,"y":-0.9502977132797241,"z":0.2070242315530777,"w":0.22741714119911195},"size":25.127500534057618,"orthographic":false}