{"cameraMode":{"drawMode":0,"name":"Shaded","section":"Shading Mode"},"sceneLighting":false,"audioPlay":false,"sceneViewState":{"showFog":true,"showMaterialUpdate":false,"showSkybox":false,"showFlares":true,"showImageEffects":true,"showParticleSystems":true},"in2DMode":false,"pivot":{"x":22.90558433532715,"y":0.4199787378311157,"z":-13.461141586303711},"rotation":{"x":-0.04516739770770073,"y":-0.9540508985519409,"z":0.1887415498495102,"w":-0.22831538319587708},"size":0.7464905381202698,"orthographic":false}