{"cameraMode":{"drawMode":0,"name":"Shaded","section":"Shading Mode"},"sceneLighting":true,"audioPlay":false,"sceneViewState":{"showFog":true,"showMaterialUpdate":false,"showSkybox":true,"showFlares":true,"showImageEffects":true,"showParticleSystems":true},"in2DMode":false,"pivot":{"x":23.08218765258789,"y":1.924272060394287,"z":-14.00762939453125},"rotation":{"x":0.08598455041646958,"y":-0.5368160009384155,"z":0.0551145114004612,"w":0.8374987244606018},"size":1.481473445892334,"orthographic":false}