{"cameraMode":{"drawMode":0,"name":"Shaded","section":"Shading Mode"},"sceneLighting":false,"audioPlay":false,"sceneViewState":{"m_AlwaysRefresh":false,"showFog":true,"showSkybox":false,"showFlares":true,"showImageEffects":true,"showParticleSystems":true,"showVisualEffectGraphs":true,"m_FxEnabled":true},"in2DMode":false,"pivot":{"x":-0.23179250955581666,"y":0.1277410387992859,"z":0.04500335454940796},"rotation":{"x":0.052210453897714618,"y":0.5745589733123779,"z":-0.03676336258649826,"w":0.8159719109535217},"size":1.2376537322998047,"orthographic":false}